{"cameraMode":{"drawMode":0,"name":"Shaded","section":"Shading Mode"},"sceneLighting":true,"audioPlay":false,"sceneViewState":{"showFog":true,"showMaterialUpdate":false,"showSkybox":true,"showFlares":true,"showImageEffects":true,"showParticleSystems":true},"in2DMode":false,"pivot":{"x":-7.080909729003906,"y":-0.059999942779541019,"z":-24.480003356933595},"rotation":{"x":-0.013783230446279049,"y":-0.8721089959144592,"z":0.4885093569755554,"w":-0.02459956519305706},"size":36.82247543334961,"orthographic":true}