{"cameraMode":{"drawMode":0,"name":"Shaded","section":"Shading Mode"},"sceneLighting":true,"audioPlay":false,"sceneViewState":{"showFog":true,"showMaterialUpdate":false,"showSkybox":true,"showFlares":true,"showImageEffects":true,"showParticleSystems":true},"in2DMode":false,"pivot":{"x":23.860788345336915,"y":2.336428642272949,"z":8.697091102600098},"rotation":{"x":0.6267611980438232,"y":0.0035064208786934616,"z":-0.0028204298578202726,"w":0.7791982889175415},"size":76.52324676513672,"orthographic":false}