{"cameraMode":{"drawMode":0,"name":"Shaded","section":"Shading Mode"},"sceneLighting":true,"audioPlay":false,"sceneViewState":{"showFog":true,"showMaterialUpdate":false,"showSkybox":true,"showFlares":true,"showImageEffects":true,"showParticleSystems":true},"in2DMode":false,"pivot":{"x":-32.37000274658203,"y":0.0,"z":-31.500011444091798},"rotation":{"x":0.005390459671616554,"y":-0.9554439187049866,"z":0.29461148381233218,"w":0.01748533360660076},"size":32.15175247192383,"orthographic":true}