{"cameraMode":{"drawMode":0,"name":"Shaded","section":"Shading Mode"},"sceneLighting":true,"audioPlay":false,"sceneViewState":{"showFog":true,"showMaterialUpdate":true,"showSkybox":true,"showFlares":true,"showImageEffects":true,"showParticleSystems":true},"in2DMode":false,"pivot":{"x":-6.4283671379089359,"y":1.6528968811035157,"z":-15.516730308532715},"rotation":{"x":0.8183159828186035,"y":0.02065999060869217,"z":-0.0294721107929945,"w":0.5736408233642578},"size":18.356847763061525,"orthographic":false}