{"cameraMode":{"drawMode":0,"name":"Shaded","section":"Shading Mode"},"sceneLighting":true,"audioPlay":false,"sceneViewState":{"showFog":true,"showMaterialUpdate":false,"showSkybox":true,"showFlares":true,"showImageEffects":true,"showParticleSystems":true},"in2DMode":false,"pivot":{"x":-30.487459182739259,"y":30.46833610534668,"z":-41.48612976074219},"rotation":{"x":-0.1286432147026062,"y":-0.8638063669204712,"z":0.27745503187179568,"w":-0.4004509747028351},"size":39.554405212402347,"orthographic":true}