{"cameraMode":{"drawMode":0,"name":"Shaded","section":"Shading Mode"},"sceneLighting":false,"audioPlay":false,"sceneViewState":{"showFog":true,"showMaterialUpdate":false,"showSkybox":false,"showFlares":true,"showImageEffects":true,"showParticleSystems":true},"in2DMode":false,"pivot":{"x":-0.8470858335494995,"y":1.3397220373153687,"z":0.0},"rotation":{"x":-0.002070023911073804,"y":0.1731230765581131,"z":0.00036394610651768744,"w":0.9848988652229309},"size":1.2062054872512818,"orthographic":true}