{"cameraMode":{"drawMode":0,"name":"Shaded","section":"Shading Mode"},"sceneLighting":false,"audioPlay":false,"sceneViewState":{"showFog":true,"showMaterialUpdate":true,"showSkybox":false,"showFlares":true,"showImageEffects":true,"showParticleSystems":true},"in2DMode":false,"pivot":{"x":1.0793633460998536,"y":-5.674308776855469,"z":0.1852264404296875},"rotation":{"x":0.00018896610708907247,"y":0.9994860887527466,"z":-0.031494252383708957,"w":0.005996985360980034},"size":150.35986328125,"orthographic":false}