{"cameraMode":{"drawMode":0,"name":"Shaded","section":"Shading Mode"},"sceneLighting":false,"audioPlay":false,"sceneViewState":{"showFog":true,"showMaterialUpdate":false,"showSkybox":false,"showFlares":true,"showImageEffects":true,"showParticleSystems":true},"in2DMode":false,"pivot":{"x":19.270999908447267,"y":2.0,"z":6.370999813079834},"rotation":{"x":-0.0039884550496935848,"y":0.9430258274078369,"z":-0.3325226306915283,"w":-0.011316985823214054},"size":1.7320507764816285,"orthographic":false}